NSE,IND,INR,INE470A01017,3MINDIA,3M India Ltd.,EQ,Diversified,Diversified,2520,Equity,Stocks,Mid-Cap
NSE,IND,INR,INE212H01026,AIAENG,AIA Engineering Ltd.,EQ,Capital Goods,Industrial products,2010,Equity,Stocks,Mid-Cap
NSE,IND,INR,INE702C01027,APLAPOLLO,APL Apollo Tubes Ltd.,EQ,Capital Goods,Industrial products,2010,Equity,Stocks,Mid-Cap
NSE,IND,INR,INE949L01017,AUBANK,AU Small Finance Bank Ltd.,EQ,Financial Services,Banks,2010,Equity,Stocks,Mid-Cap
NSE,IND,INR,INE769A01020,AARTIIND,Aarti Industries Ltd.,EQ,Chemicals,Chemicals and petrochemicals,151010,Equity,Stocks,Mid-Cap
NSE,IND,INR,INE216P01012,AAVAS,Aavas Financiers Ltd.,EQ,Financial Services,Finance,2010,Equity,Stocks,Mid-Cap
NSE,IND,INR,INE358A01014,ABBOTINDIA,Abbott India Ltd.,EQ,Healthcare,Pharmaceuticals & BioTechnology,351010,Equity,Stocks,Mid-Cap
NSE,IND,INR,INE814H01011,ADANIPOWER,Adani Power Ltd.,EQ,Power,power,551030,Equity,Stocks,Mid-Cap
NSE,IND,INR,INE674K01013,ABCAPITAL,Aditya Birla Capital Ltd.,EQ,Financial Services,Finance,2010,Equity,Stocks,Mid-Cap
NSE,IND,INR,INE647O01011,ABFRL,Aditya Birla Fashion and Retail Ltd.,EQ,Consumer Services,Retailing,2550,Equity,Stocks,Mid-Cap
NSE,IND,INR,INE00WC01027,AFFLE,Affle (India) Ltd.,EQ,Information Technology,IT-Services,451020,Equity,Stocks,Mid-Cap
NSE,IND,INR,INE031B01049,AJANTPHARM,Ajanta Pharmaceuticals Ltd.,EQ,Healthcare,Pharmaceuticals & BioTechnology,351010,Equity,Stocks,Mid-Cap
NSE,IND,INR,INE540L01014,ALKEM,Alkem Laboratories Ltd.,EQ,Healthcare,Pharmaceuticals & BioTechnology,351010,Equity,Stocks,Mid-Cap
NSE,IND,INR,INE150B01039,ALKYLAMINE,Alkyl Amines Chemicals Ltd.,EQ,Chemicals,Chemicals and petrochemicals,151010,Equity,Stocks,Mid-Cap
NSE,IND,INR,INE438A01022,APOLLOTYRE,Apollo Tyres Ltd.,EQ,Automobile and Auto Components,Auto Components,251010,Equity,Stocks,Mid-Cap
NSE,IND,INR,INE208A01029,ASHOKLEY,Ashok Leyland Ltd.,EQ,Capital Goods,Agricultural Commercial & Construction Vehicles,2010,Equity,Stocks,Mid-Cap
NSE,IND,INR,INE006I01046,ASTRAL,Astral Ltd.,EQ,Capital Goods,Industrial products,2010,Equity,Stocks,Mid-Cap
NSE,IND,INR,INE100A01010,ATUL,Atul Ltd.,EQ,Chemicals,Chemicals and petrochemicals,151010,Equity,Stocks,Mid-Cap
NSE,IND,INR,INE406A01037,AUROPHARMA,Aurobindo Pharma Ltd.,EQ,Healthcare,Pharmaceuticals & BioTechnology,351010,Equity,Stocks,Mid-Cap
NSE,IND,INR,INE787D01026,BALKRISIND,Balkrishna Industries Ltd.,EQ,Automobile and Auto Components,Auto Components,251010,Equity,Stocks,Mid-Cap
NSE,IND,INR,INE545U01014,BANDHANBNK,Bandhan Bank Ltd.,EQ,Financial Services,Banks,2010,Equity,Stocks,Mid-Cap
NSE,IND,INR,INE084A01016,BANKINDIA,Bank of India,EQ,Financial Services,Banks,2010,Equity,Stocks,Mid-Cap
NSE,IND,INR,INE176A01028,BATAINDIA,Bata India Ltd.,EQ,Consumer Durables,Consumer Durables,2520,Equity,Stocks,Mid-Cap
NSE,IND,INR,INE462A01022,BAYERCROP,Bayer Cropscience Ltd.,EQ,Chemicals,Fertilizers and Agrochemicals,151010,Equity,Stocks,Mid-Cap
NSE,IND,INR,INE465A01025,BHARATFORG,Bharat Forge Ltd.,EQ,Capital Goods,Industrial products,2010,Equity,Stocks,Mid-Cap
NSE,IND,INR,INE257A01026,BHEL,Bharat Heavy Electricals Ltd.,EQ,Capital Goods,Electrical Equiments,2010,Equity,Stocks,Mid-Cap
NSE,IND,INR,INE376G01013,BIOCON,Biocon Ltd.,EQ,Healthcare,Pharmaceuticals & BioTechnology,351010,Equity,Stocks,Mid-Cap
NSE,IND,INR,INE233B01017,BLUEDART,Blue Dart Express Ltd.,EQ,Services,Transport Services,2030,Equity,Stocks,Mid-Cap
NSE,IND,INR,INE067A01029,CGPOWER,CG Power and Industrial Solutions Ltd.,EQ,Capital Goods,Electrical Equiments,2010,Equity,Stocks,Mid-Cap
NSE,IND,INR,INE007A01025,CRISIL,CRISIL Ltd.,EQ,Financial Services,Finance,2010,Equity,Stocks,Mid-Cap
NSE,IND,INR,INE227W01023,CLEAN,Clean Science and Technology Ltd.,EQ,Chemicals,Chemicals and petrochemicals,151010,Equity,Stocks,Mid-Cap
NSE,IND,INR,INE591G01017,COFORGE,Coforge Ltd.,EQ,Information Technology,IT-Software,451020,Equity,Stocks,Mid-Cap
NSE,IND,INR,INE111A01025,CONCOR,Container Corporation of India Ltd.,EQ,Services,Transport Services,2030,Equity,Stocks,Mid-Cap
NSE,IND,INR,INE169A01031,COROMANDEL,Coromandel International Ltd.,EQ,Chemicals,Fertilizers and Agrochemicals,151010,Equity,Stocks,Mid-Cap
NSE,IND,INR,INE299U01018,CROMPTON,Crompton Greaves Consumer Electricals Ltd.,EQ,Consumer Durables,Consumer Durables,2520,Equity,Stocks,Mid-Cap
NSE,IND,INR,INE298A01020,CUMMINSIND,Cummins India Ltd.,EQ,Capital Goods,Industrial products,2010,Equity,Stocks,Mid-Cap
NSE,IND,INR,INE00R701025,DALBHARAT,Dalmia Bharat Ltd.,EQ,Construction Materials,Cement and Cement products,20103010,Equity,Stocks,Mid-Cap
NSE,IND,INR,INE288B01029,DEEPAKNTR,Deepak Nitrite Ltd.,EQ,Chemicals,Chemicals and petrochemicals,151010,Equity,Stocks,Mid-Cap
NSE,IND,INR,INE148O01028,DELHIVERY,Delhivery Ltd.,EQ,Services,Transport Services,2030,Equity,Stocks,Mid-Cap
NSE,IND,INR,INE872J01023,DEVYANI,Devyani International Ltd.,EQ,Consumer Services,Leisure services,2530,Equity,Stocks,Mid-Cap
NSE,IND,INR,INE935N01020,DIXON,Dixon Technologies (India) Ltd.,EQ,Consumer Durables,Consumer Durables,2520,Equity,Stocks,Mid-Cap
NSE,IND,INR,INE600L01024,LALPATHLAB,Dr. Lal Path Labs Ltd.,EQ,Healthcare,Pharmaceuticals & BioTechnology,351010,Equity,Stocks,Mid-Cap
NSE,IND,INR,INE548C01032,EMAMILTD,Emami Ltd.,EQ,Fast Moving Consumer Goods,Personal products,2520,Equity,Stocks,Mid-Cap
NSE,IND,INR,INE913H01037,ENDURANCE,Endurance Technologies Ltd.,EQ,Automobile and Auto Components,Auto Components,251010,Equity,Stocks,Mid-Cap
NSE,IND,INR,INE042A01014,ESCORTS,Escorts Kubota Ltd.,EQ,Capital Goods,Agricultural Commercial & Construction Vehicles,2010,Equity,Stocks,Mid-Cap
NSE,IND,INR,INE171A01029,FEDERALBNK,Federal Bank Ltd.,EQ,Financial Services,Banks,2010,Equity,Stocks,Mid-Cap
NSE,IND,INR,INE686Y01026,FINEORG,Fine Organic Industries Ltd.,EQ,Chemicals,Chemicals and petrochemicals,151010,Equity,Stocks,Mid-Cap
NSE,IND,INR,INE061F01013,FORTIS,Fortis Healthcare Ltd.,EQ,Healthcare,Healthcare Services,351010,Equity,Stocks,Mid-Cap
NSE,IND,INR,INE776C01039,GMRINFRA,GMR Airports Infrastructure Ltd.,EQ,Services,Transport Infrastructure,2030,Equity,Stocks,Mid-Cap
NSE,IND,INR,INE481Y01014,GICRE,General Insurance Corporation of India,EQ,Financial Services,Insurance,2010,Equity,Stocks,Mid-Cap
NSE,IND,INR,INE068V01023,GLAND,Gland Pharma Ltd.,EQ,Healthcare,Pharmaceuticals & BioTechnology,351010,Equity,Stocks,Mid-Cap
NSE,IND,INR,INE159A01016,GLAXO,Glaxosmithkline Pharmaceuticals Ltd.,EQ,Healthcare,Pharmaceuticals & BioTechnology,351010,Equity,Stocks,Mid-Cap
NSE,IND,INR,INE233A01035,GODREJIND,Godrej Industries Ltd.,EQ,Diversified,Diversified,20201030,Equity,Stocks,Mid-Cap
NSE,IND,INR,INE484J01027,GODREJPROP,Godrej Properties Ltd.,EQ,Realty,Realty,25201020,Equity,Stocks,Mid-Cap
NSE,IND,INR,INE536A01023,GRINDWELL,Grindwell Norton Ltd.,EQ,Capital Goods,Industrial products,2010,Equity,Stocks,Mid-Cap
NSE,IND,INR,INE09N301011,FLUOROCHEM,Gujarat Fluorochemicals Ltd.,EQ,Chemicals,Chemicals and petrochemicals,151010,Equity,Stocks,Mid-Cap
NSE,IND,INR,INE844O01030,GUJGASLTD,Gujarat Gas Ltd.,EQ,Oil Gas & Consumable Fuels,Gas,101020,Equity,Stocks,Mid-Cap
NSE,IND,INR,INE419U01012,HAPPSTMNDS,Happiest Minds Technologies Ltd.,EQ,Information Technology,IT-Software,451020,Equity,Stocks,Mid-Cap
NSE,IND,INR,INE094A01015,HINDPETRO,Hindustan Petroleum Corporation Ltd.,EQ,Oil Gas & Consumable Fuels,Petroleum products,101020,Equity,Stocks,Mid-Cap
NSE,IND,INR,INE267A01025,HINDZINC,Hindustan Zinc Ltd.,EQ,Metals & Mining,Non-Ferrous metals,151040,Equity,Stocks,Mid-Cap
NSE,IND,INR,INE671A01010,HONAUT,Honeywell Automation India Ltd.,EQ,Capital Goods,Industrial Manufacturing,2010,Equity,Stocks,Mid-Cap
NSE,IND,INR,INE763G01038,ISEC,ICICI Securities Ltd.,EQ,Financial Services,Banks,2010,Equity,Stocks,Mid-Cap
NSE,IND,INR,INE092T01019,IDFCFIRSTB,IDFC First Bank Ltd.,EQ,Financial Services,Banks,2010,Equity,Stocks,Mid-Cap
NSE,IND,INR,INE562A01011,INDIANB,Indian Bank,EQ,Financial Services,Banks,2010,Equity,Stocks,Mid-Cap
NSE,IND,INR,INE053A01029,INDHOTEL,Indian Hotels Co. Ltd.,EQ,Consumer Services,Leisure services,2530,Equity,Stocks,Mid-Cap
NSE,IND,INR,INE053F01010,IRFC,Indian Railway Finance Corporation Ltd.,EQ,Financial Services,Finance,2010,Equity,Stocks,Mid-Cap
NSE,IND,INR,INE203G01027,IGL,Indraprastha Gas Ltd.,EQ,Oil Gas & Consumable Fuels,Gas,101020,Equity,Stocks,Mid-Cap
NSE,IND,INR,INE571A01038,IPCALAB,Ipca Laboratories Ltd.,EQ,Healthcare,Pharmaceuticals & BioTechnology,351010,Equity,Stocks,Mid-Cap
NSE,IND,INR,INE823G01014,JKCEMENT,J.K. Cement Ltd.,EQ,Construction Materials,Cement and Cement products,20103010,Equity,Stocks,Mid-Cap
NSE,IND,INR,INE121E01018,JSWENERGY,JSW Energy Ltd.,EQ,Power,power,551030,Equity,Stocks,Mid-Cap
NSE,IND,INR,INE749A01030,JINDALSTEL,Jindal Steel & Power Ltd.,EQ,Metals & Mining,Ferrous metals,151040,Equity,Stocks,Mid-Cap
NSE,IND,INR,INE797F01020,JUBLFOOD,Jubilant Foodworks Ltd.,EQ,Consumer Services,Leisure services,2530,Equity,Stocks,Mid-Cap
NSE,IND,INR,INE930H01031,KPRMILL,K.P.R. Mill Ltd.,EQ,Textiles,Textiles & Apparels,252030,Equity,Stocks,Mid-Cap
NSE,IND,INR,INE217B01036,KAJARIACER,Kajaria Ceramics Ltd.,EQ,Consumer Durables,Consumer Durables,2520,Equity,Stocks,Mid-Cap
NSE,IND,INR,INE531A01024,KANSAINER,Kansai Nerolac Paints Ltd.,EQ,Consumer Durables,Consumer Durables,2520,Equity,Stocks,Mid-Cap
NSE,IND,INR,INE498L01015,L&TFH,L&T Finance Holdings Ltd.,EQ,Financial Services,Finance,2010,Equity,Stocks,Mid-Cap
NSE,IND,INR,INE010V01017,LTTS,L&T Technology Services Ltd.,EQ,Information Technology,IT-Services,451020,Equity,Stocks,Mid-Cap
NSE,IND,INR,INE115A01026,LICHSGFIN,LIC Housing Finance Ltd.,EQ,Financial Services,Finance,2010,Equity,Stocks,Mid-Cap
NSE,IND,INR,INE947Q01028,LAURUSLABS,Laurus Labs Ltd.,EQ,Healthcare,Pharmaceuticals & BioTechnology,351010,Equity,Stocks,Mid-Cap
NSE,IND,INR,INE473A01011,LINDEINDIA,Linde India Ltd.,EQ,Chemicals,Chemicals and petrochemicals,151010,Equity,Stocks,Mid-Cap
NSE,IND,INR,INE326A01037,LUPIN,Lupin Ltd.,EQ,Healthcare,Pharmaceuticals & BioTechnology,351010,Equity,Stocks,Mid-Cap
NSE,IND,INR,INE883A01011,MRF,MRF Ltd.,EQ,Automobile and Auto Components,Auto Components,251010,Equity,Stocks,Mid-Cap
NSE,IND,INR,INE670K01029,LODHA,Macrotech Developers Ltd.,EQ,Realty,Realty,25201020,Equity,Stocks,Mid-Cap
NSE,IND,INR,INE774D01024,M&MFIN,Mahindra & Mahindra Financial Services Ltd.,EQ,Financial Services,Finance,2010,Equity,Stocks,Mid-Cap
NSE,IND,INR,INE180A01020,MFSL,Max Financial Services Ltd.,EQ,Financial Services,Finance,2010,Equity,Stocks,Mid-Cap
NSE,IND,INR,INE027H01010,MAXHEALTH,Max Healthcare Institute Ltd.,EQ,Healthcare,Healthcare Services,351010,Equity,Stocks,Mid-Cap
NSE,IND,INR,INE317I01021,METROBRAND,Metro Brands Ltd.,EQ,Consumer Durables,Consumer Durables,2520,Equity,Stocks,Mid-Cap
NSE,IND,INR,INE0FS801015,MSUMI,Motherson Sumi Wiring India Ltd.,EQ,Automobile and Auto Components,Auto Components,251010,Equity,Stocks,Mid-Cap
NSE,IND,INR,INE356A01018,MPHASIS,MphasiS Ltd.,EQ,Information Technology,IT-Services,451020,Equity,Stocks,Mid-Cap
NSE,IND,INR,INE848E01016,NHPC,NHPC Ltd.,EQ,Power,power,551030,Equity,Stocks,Mid-Cap
NSE,IND,INR,INE584A01023,NMDC,NMDC Ltd.,EQ,Metals & Mining,Ferrous metals,151040,Equity,Stocks,Mid-Cap
NSE,IND,INR,INE048G01026,NAVINFLUOR,Navin Fluorine International Ltd.,EQ,Chemicals,Chemicals and petrochemicals,151010,Equity,Stocks,Mid-Cap
NSE,IND,INR,INE298J01013,NAM-INDIA,Nippon Life India Asset Management Ltd.,EQ,Financial Services,Capital markets,2010,Equity,Stocks,Mid-Cap
NSE,IND,INR,INE093I01010,OBEROIRLTY,Oberoi Realty Ltd.,EQ,Realty,Realty,25201020,Equity,Stocks,Mid-Cap
NSE,IND,INR,INE274J01014,OIL,Oil India Ltd.,EQ,Oil Gas & Consumable Fuels,Oil,101020,Equity,Stocks,Mid-Cap
NSE,IND,INR,INE982J01020,PAYTM,One 97 Communications Ltd.,EQ,Financial Services,Financial Technology,2010,Equity,Stocks,Mid-Cap
NSE,IND,INR,INE881D01027,OFSS,Oracle Financial Services Software Ltd.,EQ,Information Technology,IT-software,451020,Equity,Stocks,Mid-Cap
NSE,IND,INR,INE417T01026,POLICYBZR,PB Fintech Ltd.,EQ,Financial Services,Financial Technology,2010,Equity,Stocks,Mid-Cap
NSE,IND,INR,INE619A01035,PATANJALI,Patanjali Foods Ltd.,EQ,Fast Moving Consumer Goods,Agricultural foods and other products,2520,Equity,Stocks,Mid-Cap
NSE,IND,INR,INE262H01013,PERSISTENT,Persistent Systems Ltd.,EQ,Information Technology,IT-Software,451020,Equity,Stocks,Mid-Cap
NSE,IND,INR,INE347G01014,PETRONET,Petronet LNG Ltd.,EQ,Oil Gas & Consumable Fuels,Petroleum products,101020,Equity,Stocks,Mid-Cap
NSE,IND,INR,INE182A01018,PFIZER,Pfizer Ltd.,EQ,Healthcare,Pharmaceuticals & BioTechnology,351010,Equity,Stocks,Mid-Cap
NSE,IND,INR,INE211B01039,PHOENIXLTD,Phoenix Mills Ltd.,EQ,Realty,Realty,25201020,Equity,Stocks,Mid-Cap
NSE,IND,INR,INE140A01024,PEL,Piramal Enterprises Ltd.,EQ,Financial Services,Finance,2010,Equity,Stocks,Mid-Cap
NSE,IND,INR,INE455K01017,POLYCAB,Polycab India Ltd.,EQ,Capital Goods,Industrial products,2010,Equity,Stocks,Mid-Cap
NSE,IND,INR,INE511C01022,POONAWALLA,Poonawalla Fincorp Ltd.,EQ,Financial Services,Finance,2010,Equity,Stocks,Mid-Cap
NSE,IND,INR,INE134E01011,PFC,Power Finance Corporation Ltd.,EQ,Financial Services,Finance,2010,Equity,Stocks,Mid-Cap
NSE,IND,INR,INE811K01011,PRESTIGE,Prestige Estates Projects Ltd.,EQ,Realty,Realty,25201020,Equity,Stocks,Mid-Cap
NSE,IND,INR,INE160A01022,PNB,Punjab National Bank,EQ,Financial Services,Banks,2010,Equity,Stocks,Mid-Cap
NSE,IND,INR,INE020B01018,RECLTD,REC Ltd.,EQ,Financial Services,Finance,2010,Equity,Stocks,Mid-Cap
NSE,IND,INR,INE343B01030,RAJESHEXPO,Rajesh Exports Ltd.,EQ,Consumer Durables,Consumer Durables,2520,Equity,Stocks,Mid-Cap
NSE,IND,INR,INE131B01039,RELAXO,Relaxo Footwears Ltd.,EQ,Consumer Durables,Consumer Durables,2520,Equity,Stocks,Mid-Cap
NSE,IND,INR,INE640A01023,SKFINDIA,SKF India Ltd.,EQ,Capital Goods,Industrial products,2010,Equity,Stocks,Mid-Cap
NSE,IND,INR,INE513A01022,SCHAEFFLER,Schaeffler India Ltd.,EQ,Automobile and Auto Components,Auto Components,251010,Equity,Stocks,Mid-Cap
NSE,IND,INR,INE721A01013,SHRIRAMFIN,Shriram Finance Ltd.,EQ,Financial Services,Finance,2010,Equity,Stocks,Mid-Cap
NSE,IND,INR,INE343H01029,SOLARINDS,Solar Industries India Ltd.,EQ,Chemicals,Chemicals and petrochemicals,151010,Equity,Stocks,Mid-Cap
NSE,IND,INR,INE073K01018,SONACOMS,Sona BLW Precision Forgings Ltd.,EQ,Automobile and Auto Components,Auto Components,251010,Equity,Stocks,Mid-Cap
NSE,IND,INR,INE575P01011,STARHEALTH,Star Health and Allied Insurance Company Ltd.,EQ,Financial Services,Finance,2010,Equity,Stocks,Mid-Cap
NSE,IND,INR,INE114A01011,SAIL,Steel Authority of India Ltd.,EQ,Metals & Mining,Ferrous metals,151040,Equity,Stocks,Mid-Cap
NSE,IND,INR,INE258G01013,SUMICHEM,Sumitomo Chemical India Ltd.,EQ,Chemicals,Fertilizers and Agrochemicals,151010,Equity,Stocks,Mid-Cap
NSE,IND,INR,INE424H01027,SUNTV,Sun TV Network Ltd.,EQ,Media Entertainment & Publication,Entertainment,254010,Equity,Stocks,Mid-Cap
NSE,IND,INR,INE660A01013,SUNDARMFIN,Sundaram Finance Ltd.,EQ,Financial Services,Finance,2010,Equity,Stocks,Mid-Cap
NSE,IND,INR,INE387A01021,SUNDRMFAST,Sundram Fasteners Ltd.,EQ,Automobile and Auto Components,Auto Components,251010,Equity,Stocks,Mid-Cap
NSE,IND,INR,INE195A01028,SUPREMEIND,Supreme Industries Ltd.,EQ,Capital Goods,Industrial products,2010,Equity,Stocks,Mid-Cap
NSE,IND,INR,INE398R01022,SYNGENE,Syngene International Ltd.,EQ,Healthcare,Healthcare Services,351010,Equity,Stocks,Mid-Cap
NSE,IND,INR,INE494B01023,TVSMOTOR,TVS Motor Company Ltd.,EQ,Automobile and Auto Components,Auto Mobiles,251010,Equity,Stocks,Mid-Cap
NSE,IND,INR,INE092A01019,TATACHEM,Tata Chemicals Ltd.,EQ,Chemicals,Chemicals and petrochemicals,151010,Equity,Stocks,Mid-Cap
NSE,IND,INR,INE151A01013,TATACOMM,Tata Communications Ltd.,EQ,Telecommunication,Telecom services,5010,Equity,Stocks,Mid-Cap
NSE,IND,INR,INE670A01012,TATAELXSI,Tata Elxsi Ltd.,EQ,Information Technology,IT-Software,451020,Equity,Stocks,Mid-Cap
NSE,IND,INR,INE517B01013,TTML,Tata Teleservices (Maharashtra) Ltd.,EQ,Telecommunication,Telecom services,5010,Equity,Stocks,Mid-Cap
NSE,IND,INR,INE470Y01017,NIACL,The New India Assurance Company Ltd.,EQ,Financial Services,Finance,2010,Equity,Stocks,Mid-Cap
NSE,IND,INR,INE331A01037,RAMCOCEM,The Ramco Cements Ltd.,EQ,Construction Materials,Cement and Cement products,20103010,Equity,Stocks,Mid-Cap
NSE,IND,INR,INE152A01029,THERMAX,Thermax Ltd.,EQ,Capital Goods,Electrical Equiments,2010,Equity,Stocks,Mid-Cap
NSE,IND,INR,INE325A01013,TIMKEN,Timken India Ltd.,EQ,Capital Goods,Industrial products,2010,Equity,Stocks,Mid-Cap
NSE,IND,INR,INE813H01021,TORNTPOWER,Torrent Power Ltd.,EQ,Power,power,551030,Equity,Stocks,Mid-Cap
NSE,IND,INR,INE849A01020,TRENT,Trent Ltd.,EQ,Consumer Services,Retailing,2550,Equity,Stocks,Mid-Cap
NSE,IND,INR,INE064C01022,TRIDENT,Trident Ltd.,EQ,Textiles,Textiles & Apparels,252030,Equity,Stocks,Mid-Cap
NSE,IND,INR,INE974X01010,TIINDIA,Tube Investments of India Ltd.,EQ,Automobile and Auto Components,Auto Components,251010,Equity,Stocks,Mid-Cap
NSE,IND,INR,INE405E01023,UNOMINDA,UNO Minda Ltd.,EQ,Automobile and Auto Components,Auto Components,251010,Equity,Stocks,Mid-Cap
NSE,IND,INR,INE692A01016,UNIONBANK,Union Bank of India,EQ,Financial Services,Banks,2010,Equity,Stocks,Mid-Cap
NSE,IND,INR,INE686F01025,UBL,United Breweries Ltd.,EQ,Fast Moving Consumer Goods,Bevarages,2520,Equity,Stocks,Mid-Cap
NSE,IND,INR,INE825V01034,MANYAVAR,Vedant Fashions Ltd.,EQ,Consumer Services,Retailing,2550,Equity,Stocks,Mid-Cap
NSE,IND,INR,INE410B01037,VINATIORGA,Vinati Organics Ltd.,EQ,Chemicals,Chemicals and petrochemicals,151010,Equity,Stocks,Mid-Cap
NSE,IND,INR,INE669E01016,IDEA,Vodafone Idea Ltd.,EQ,Telecommunication,Telecom services,5010,Equity,Stocks,Mid-Cap
NSE,IND,INR,INE226A01021,VOLTAS,Voltas Ltd.,EQ,Consumer Durables,Consumer Durables,2520,Equity,Stocks,Mid-Cap
NSE,IND,INR,INE716A01013,WHIRLPOOL,Whirlpool of India Ltd.,EQ,Consumer Durables,Consumer Durables,2520,Equity,Stocks,Mid-Cap
NSE,IND,INR,INE528G01035,YESBANK,Yes Bank Ltd.,EQ,Financial Services,Banks,2010,Equity,Stocks,Mid-Cap
NSE,IND,INR,INE342J01019,ZFCVINDIA,ZF Commercial Vehicle Control Systems India Ltd.,EQ,Automobile and Auto Components,Auto Components,251010,Equity,Stocks,Mid-Cap
NSE,IND,INR,INE256A01028,ZEEL,Zee Entertainment Enterprises Ltd.,EQ,Media Entertainment & Publication,Entertainment,254010,Equity,Stocks,Mid-Cap
NSE,IND,INR,INE010B01027,ZYDUSLIFE,Zydus Lifesciences Ltd.,EQ,Healthcare,Healthcare Services,351010,Equity,Stocks,Mid-Cap
NSE,IND,INR,INE208C01025,AEGISCHEM,Aegis Logistics Ltd.,EQ,Oil Gas & Consumable Fuels,Gas,101020,Equity,Stocks,Small-cap
NSE,IND,INR,INE885A01032,AMARAJABAT,Amara Raja Batteries Ltd.,EQ,Automobile and Auto Components,Auto Components,251010,Equity,Stocks,Small-cap
NSE,IND,INR,INE371P01015,AMBER,Amber Enterprises India Ltd.,EQ,Consumer Durables,Consumer Durables,2520,Equity,Stocks,Small-cap
NSE,IND,INR,INE732I01013,ANGELONE,Angel One Ltd.,EQ,Financial Services,Capital Markets,402010,Equity,Stocks,Small-cap
NSE,IND,INR,INE930P01018,ANURAS,Anupam Rasayan India Ltd.,EQ,Chemicals,Chemicals & Petrochemicals,151010,Equity,Stocks,Small-cap
NSE,IND,INR,INE118H01025,BSE,BSE Ltd.,EQ,Financial Services,Finance,402010,Equity,Stocks,Small-cap
NSE,IND,INR,INE193E01025,BAJAJELEC,Bajaj Electricals Ltd,EQ,Consumer Durables,Consumer Durables,2520,Equity,Stocks,Small-cap
NSE,IND,INR,INE050E01027,BALAMINES,Balaji Amines Ltd.,EQ,Chemicals,Chemicals & Petrochemicals,151010,Equity,Stocks,Small-cap
NSE,IND,INR,INE119A01028,BALRAMCHIN,Balrampur Chini Mills Ltd.,EQ,Fast Moving Consumer Goods,Agricultural foods & other products,2520,Equity,Stocks,Small-cap
NSE,IND,INR,INE457A01014,MAHABANK,Bank of Maharashtra,EQ,Financial Services,Banks,402010,Equity,Stocks,Small-cap
NSE,IND,INR,INE171Z01018,BDL,Bharat Dynamics Ltd.,EQ,Capital Goods,Aerospace & Defense,2010,Equity,Stocks,Small-cap
NSE,IND,INR,INE00E101023,BIKAJI,Bikaji Foods International Ltd.,EQ,Fast Moving Consumer Goods,Food products,2520,Equity,Stocks,Small-cap
NSE,IND,INR,INE340A01012,BIRLACORPN,Birla Corporation Ltd.,EQ,Construction Materials,Cement & Cement products,20103010,Equity,Stocks,Small-cap
NSE,IND,INR,INE836A01035,BSOFT,Birlasoft Ltd.,EQ,Information Technology,IT-Software,451020,Equity,Stocks,Small-cap
NSE,IND,INR,INE666D01022,BORORENEW,Borosil Renewables Ltd.,EQ,Capital Goods,Industrial Products,2010,Equity,Stocks,Small-cap
NSE,IND,INR,INE425B01027,BCG,Brightcom Group Ltd.,EQ,Information Technology,IT-Services,451020,Equity,Stocks,Small-cap
NSE,IND,INR,INE486A01021,CESC,CESC Ltd.,EQ,Power,power,551030,Equity,Stocks,Small-cap
NSE,IND,INR,INE278Y01022,CAMPUS,Campus Activewear Ltd.,EQ,Consumer Durables,Consumer Durables,2520,Equity,Stocks,Small-cap
NSE,IND,INR,INE477A01020,CANFINHOME,Can Fin Homes Ltd.,EQ,Financial Services,Finance,402010,Equity,Stocks,Small-cap
NSE,IND,INR,INE120A01034,CARBORUNIV,Carborundum Universal Ltd.,EQ,Capital Goods,Industrial Products,2010,Equity,Stocks,Small-cap
NSE,IND,INR,INE483A01010,CENTRALBK,Central Bank of India,EQ,Financial Services,Banks,402010,Equity,Stocks,Small-cap
NSE,IND,INR,INE736A01011,CDSL,Central Depository Services (India) Ltd.,EQ,Financial Services,Finance,402010,Equity,Stocks,Small-cap
NSE,IND,INR,INE055A01016,CENTURYTEX,Century Textile & Industries Ltd.,EQ,Forest Materials,Paper forest & Jute products,151050,Equity,Stocks,Small-cap
NSE,IND,INR,INE085A01013,CHAMBLFERT,Chambal Fertilizers & Chemicals Ltd.,EQ,Chemicals,Fertilizers & Agrochemicals,151010,Equity,Stocks,Small-cap
NSE,IND,INR,INE491A01021,CUB,City Union Bank Ltd.,EQ,Financial Services,Banks,402010,Equity,Stocks,Small-cap
NSE,IND,INR,INE596I01012,CAMS,Computer Age Management Services Ltd.,EQ,Financial Services,Capital Markets,402010,Equity,Stocks,Small-cap
NSE,IND,INR,INE741K01010,CREDITACC,CreditAccess Grameen Ltd.,EQ,Financial Services,Finance,402010,Equity,Stocks,Small-cap
NSE,IND,INR,INE136B01020,CYIENT,Cyient Ltd.,EQ,Information Technology,IT-Services,451020,Equity,Stocks,Small-cap
NSE,IND,INR,INE501A01019,DEEPAKFERT,Deepak Fertilisers & Petrochemicals Corp. Ltd.,EQ,Chemicals,Chemicals & Petrochemicals,151010,Equity,Stocks,Small-cap
NSE,IND,INR,INE126A01031,EIDPARRY,E.I.D. Parry (India) Ltd.,EQ,Chemicals,Fertilizers & Agrochemicals,151010,Equity,Stocks,Small-cap
NSE,IND,INR,INE07O001026,EASEMYTRIP,Easy Trip Planners Ltd.,EQ,Consumer Services,Leisure Services,2530,Equity,Stocks,Small-cap
NSE,IND,INR,INE285A01027,ELGIEQUIP,Elgi Equipments Ltd.,EQ,Capital Goods,Industrial Products,2010,Equity,Stocks,Small-cap
NSE,IND,INR,INE302A01020,EXIDEIND,Exide Industries Ltd.,EQ,Automobile and Auto Components,Auto Components,251010,Equity,Stocks,Small-cap
NSE,IND,INR,INE188A01015,FACT,Fertilisers and Chemicals Travancore Ltd.,EQ,Chemicals,Fertilizers & Agrochemicals,151010,Equity,Stocks,Small-cap
NSE,IND,INR,INE684F01012,FSL,Firstsource Solutions Ltd.,EQ,Services,Commercial Services & Supplies,202010,Equity,Stocks,Small-cap
NSE,IND,INR,INE541A01023,GMMPFAUDLR,GMM Pfaudler Ltd.,EQ,Capital Goods,Industrial Manufacturing,2010,Equity,Stocks,Small-cap
NSE,IND,INR,INE935A01035,GLENMARK,Glenmark Pharmaceuticals Ltd.,EQ,Healthcare,Pharmaceuticals & Biotechnology,351010,Equity,Stocks,Small-cap
NSE,IND,INR,INE474Q01031,MEDANTA,Global Health Ltd.,EQ,Healthcare,Healthcare Services,351010,Equity,Stocks,Small-cap
NSE,IND,INR,INE101D01020,GRANULES,Granules India Ltd.,EQ,Healthcare,Pharmaceuticals & Biotechnology,351010,Equity,Stocks,Small-cap
NSE,IND,INR,INE371A01025,GRAPHITE,Graphite India Ltd.,EQ,Capital Goods,Industrial Products,2010,Equity,Stocks,Small-cap
NSE,IND,INR,INE113A01013,GNFC,Gujarat Narmada Valley Fertilizers and Chemicals Ltd.,EQ,Chemicals,Chemicals & Petrochemicals,151010,Equity,Stocks,Small-cap
NSE,IND,INR,INE548A01028,HFCL,HFCL Ltd.,EQ,Telecommunication,Telecom-services,5010,Equity,Stocks,Small-cap
NSE,IND,INR,INE531E01026,HINDCOPPER,Hindustan Copper Ltd.,EQ,Metals & Mining,Non-ferrous Metals,151040,Equity,Stocks,Small-cap
NSE,IND,INR,INE031A01017,HUDCO,Housing & Urban Development Corporation Ltd.,EQ,Financial Services,Finance,402010,Equity,Stocks,Small-cap
NSE,IND,INR,INE008A01015,IDBI,IDBI Bank Ltd.,EQ,Financial Services,Banks,402010,Equity,Stocks,Small-cap
NSE,IND,INR,INE043D01016,IDFC,IDFC Ltd.,EQ,Financial Services,Finance,402010,Equity,Stocks,Small-cap
NSE,IND,INR,INE530B01024,IIFL,IIFL Finance Ltd.,EQ,Financial Services,Finance,402010,Equity,Stocks,Small-cap
NSE,IND,INR,INE821I01022,IRB,IRB Infrastructure Developers Ltd.,EQ,Construction,Construction,151020,Equity,Stocks,Small-cap
NSE,IND,INR,INE383A01012,INDIACEM,India Cements Ltd.,EQ,Construction Materials,Cement & Cement products,20103010,Equity,Stocks,Small-cap
NSE,IND,INR,INE933S01016,INDIAMART,Indiamart Intermesh Ltd.,EQ,Consumer Services,Retailing,2550,Equity,Stocks,Small-cap
NSE,IND,INR,INE022Q01020,IEX,Indian Energy Exchange Ltd.,EQ,Financial Services,Finance,402010,Equity,Stocks,Small-cap
NSE,IND,INR,INE565A01014,IOB,Indian Overseas Bank,EQ,Financial Services,Banks,402010,Equity,Stocks,Small-cap
NSE,IND,INR,INE306R01017,INTELLECT,Intellect Design Arena Ltd.,EQ,Information Technology,IT-Software,451020,Equity,Stocks,Small-cap
NSE,IND,INR,INE572A01028,JBCHEPHARM,J.B. Chemicals & Pharmaceuticals Ltd.,EQ,Healthcare,Pharmaceuticals & Biotechnology,351010,Equity,Stocks,Small-cap
NSE,IND,INR,INE786A01032,JKLAKSHMI,JK Lakshmi Cement Ltd.,EQ,Construction Materials,Cement & Cement products,20103010,Equity,Stocks,Small-cap
NSE,IND,INR,INE220G01021,JSL,Jindal Stainless Ltd.,EQ,Metals & Mining,Ferrous Metals,151040,Equity,Stocks,Small-cap
NSE,IND,INR,INE0BY001018,JUBLINGREA,Jubilant Ingrevia Ltd.,EQ,Chemicals,Chemicals & Petrochemicals,151010,Equity,Stocks,Small-cap
NSE,IND,INR,INE878B01027,KEI,KEI Industries Ltd.,EQ,Capital Goods,Industrial Products,2010,Equity,Stocks,Small-cap
NSE,IND,INR,INE04I401011,KPITTECH,KPIT Technologies Ltd.,EQ,Information Technology,IT-Software,451020,Equity,Stocks,Small-cap
NSE,IND,INR,INE001B01026,KRBL,KRBL Ltd.,EQ,Fast Moving Consumer Goods,Agricultural foods & other products,2520,Equity,Stocks,Small-cap
NSE,IND,INR,INE303R01014,KALYANKJIL,Kalyan Jewellers India Ltd.,EQ,Consumer Durables,Consumer Durables,2520,Equity,Stocks,Small-cap
NSE,IND,INR,INE036D01028,KARURVYSYA,Karur Vysya Bank Ltd.,EQ,Financial Services,Banks,402010,Equity,Stocks,Small-cap
NSE,IND,INR,INE389H01022,KEC,Kec International Ltd.,EQ,Capital Goods,Electrical Equipment,2010,Equity,Stocks,Small-cap
NSE,IND,INR,INE0I7C01011,LATENTVIEW,Latent View Analytics Ltd.,EQ,Information Technology,IT-Software,451020,Equity,Stocks,Small-cap
NSE,IND,INR,INE576O01020,LXCHEM,Laxmi Organic Industries Ltd.,EQ,Chemicals,Chemicals & Petrochemicals,151010,Equity,Stocks,Small-cap
NSE,IND,INR,INE002S01010,MGL,Mahanagar Gas Ltd.,EQ,Oil Gas & Consumable Fuels,Gas,101020,Equity,Stocks,Small-cap
NSE,IND,INR,INE522D01027,MANAPPURAM,Manappuram Finance Ltd.,EQ,Financial Services,Finance,402010,Equity,Stocks,Small-cap
NSE,IND,INR,INE103A01014,MRPL,Mangalore Refinery & Petrochemicals Ltd.,EQ,Oil Gas & Consumable Fuels,Petroleum products,101020,Equity,Stocks,Small-cap
NSE,IND,INR,INE249Z01012,MAZDOCK,Mazagoan Dock Shipbuilders Ltd.,EQ,Capital Goods,Industrial Manufacturing,2010,Equity,Stocks,Small-cap
NSE,IND,INR,INE804L01022,MEDPLUS,Medplus Health Services Ltd.,EQ,Consumer Services,Retailing,2550,Equity,Stocks,Small-cap
NSE,IND,INR,INE112L01020,METROPOLIS,Metropolis Healthcare Ltd.,EQ,Healthcare,Healthcare Services,351010,Equity,Stocks,Small-cap
NSE,IND,INR,INE745G01035,MCX,Multi Commodity Exchange of India Ltd.,EQ,Financial Services,Capital Markets,402010,Equity,Stocks,Small-cap
NSE,IND,INR,INE095N01031,NBCC,NBCC (India) Ltd.,EQ,Construction,Construction,151020,Equity,Stocks,Small-cap
NSE,IND,INR,INE589A01014,NLCINDIA,NLC India Ltd.,EQ,Power,power,551030,Equity,Stocks,Small-cap
NSE,IND,INR,INE139A01034,NATIONALUM,National Aluminium Co. Ltd.,EQ,Metals & Mining,Non-ferrous Metals,151040,Equity,Stocks,Small-cap
NSE,IND,INR,INE572E01012,PNBHOUSING,PNB Housing Finance Ltd.,EQ,Financial Services,Finance,402010,Equity,Stocks,Small-cap
NSE,IND,INR,INE191H01014,PVR,PVR Ltd.,EQ,Media Entertainment & Publication,Entertainment,254010,Equity,Stocks,Small-cap
NSE,IND,INR,INE0DK501011,PPLPHARMA,Piramal Pharma Ltd.,EQ,Healthcare,Pharmaceuticals & Biotechnology,351010,Equity,Stocks,Small-cap
NSE,IND,INR,INE074A01025,PRAJIND,Praj Industries Ltd.,EQ,Capital Goods,Industrial Manufacturing,2010,Equity,Stocks,Small-cap
NSE,IND,INR,INE615P01015,QUESS,Quess Corp Ltd.,EQ,Services,Commercial Services & Supplies,202010,Equity,Stocks,Small-cap
NSE,IND,INR,INE976G01028,RBLBANK,RBL Bank Ltd.,EQ,Financial Services,Banks,402010,Equity,Stocks,Small-cap
NSE,IND,INR,INE320J01015,RITES,RITES Ltd.,EQ,Construction,Construction,151020,Equity,Stocks,Small-cap
NSE,IND,INR,INE944F01028,RADICO,Radico Khaitan Ltd,EQ,Fast Moving Consumer Goods,Bevarages,2520,Equity,Stocks,Small-cap
NSE,IND,INR,INE415G01027,RVNL,Rail Vikas Nigam Ltd.,EQ,Construction,Construction,151020,Equity,Stocks,Small-cap
NSE,IND,INR,INE301A01014,RAYMOND,Raymond Ltd.,EQ,Textiles,Textiles & Apparels,252030,Equity,Stocks,Small-cap
NSE,IND,INR,INE891D01026,REDINGTON,Redington Ltd.,EQ,Services,Commercial Services & Supplies,202010,Equity,Stocks,Small-cap
NSE,IND,INR,INE450U01017,ROUTE,Route Mobile Ltd.,EQ,Telecommunication,Telecom-services,5010,Equity,Stocks,Small-cap
NSE,IND,INR,INE806T01012,SAPPHIRE,Sapphire Foods India Ltd.,EQ,Consumer Services,Leisure Services,2530,Equity,Stocks,Small-cap
NSE,IND,INR,INE087H01022,RENUKA,Shree Renuka Sugars Ltd.,EQ,Fast Moving Consumer Goods,Food products,2520,Equity,Stocks,Small-cap
NSE,IND,INR,INE089C01029,STLTECH,Sterlite Technologies Ltd.,EQ,Telecommunication,Telecom-services,5010,Equity,Stocks,Small-cap
NSE,IND,INR,INE040H01021,SUZLON,Suzlon Energy Ltd.,EQ,Capital Goods,Electrical Equipment,2010,Equity,Stocks,Small-cap
NSE,IND,INR,INE886H01027,TV18BRDCST,TV18 Broadcast Ltd.,EQ,Media Entertainment & Publication,Entertainment,254010,Equity,Stocks,Small-cap
NSE,IND,INR,INE483C01032,TANLA,Tanla Platforms Ltd.,EQ,Information Technology,IT-Software,451020,Equity,Stocks,Small-cap
NSE,IND,INR,INE010J01012,TEJASNET,Tejas Networks Ltd.,EQ,Telecommunication,Telecom-Equipment & Accessories,5010,Equity,Stocks,Small-cap
NSE,IND,INR,INE256C01024,TRIVENI,Triveni Engineering & Industries Ltd.,EQ,Fast Moving Consumer Goods,Agricultural foods & other products,2520,Equity,Stocks,Small-cap
NSE,IND,INR,INE691A01018,UCOBANK,UCO Bank,EQ,Financial Services,Banks,402010,Equity,Stocks,Small-cap
NSE,IND,INR,INE094J01016,UTIAMC,UTI Asset Management Company Ltd.,EQ,Financial Services,Finance,402010,Equity,Stocks,Small-cap
NSE,IND,INR,INE054A01027,VIPIND,V.I.P. Industries Ltd.,EQ,Consumer Durables,Consumer Durables,2520,Equity,Stocks,Small-cap
NSE,IND,INR,INE825A01020,VTL,Vardhman Textiles Ltd.,EQ,Textiles,Textiles & Apparels,252030,Equity,Stocks,Small-cap
NSE,IND,INR,INE192B01031,WELSPUNIND,Welspun India Ltd.,EQ,Textiles,Textiles & Apparels,252030,Equity,Stocks,Small-cap
NSE,IND,INR,,,,,,,,,,
